[{"pk": 1, "model": "playlist.producer", "fields": {"homepage": "http://radioparadise.com/", "name": "Radio Paradise", "description": "Radio Paradise is a blend of many styles and genres of music, carefully selected and mixed by two real human beings. You'll hear modern and classic rock, world music, electronica, even a bit of classical and jazz. What you won't hear are random computer-generated playlists or mind-numbing commercials.\r\n\r\nOur specialty is taking a diverse assortment of songs and making them flow together in a way that makes sense harmonically, rhythmically, and lyrically \u2014 an art that, to us, is the very essence of radio. We hope that you'll enjoy RP so much that you'll want to share it with your friends, your family, your co-workers, your neighbors ... well you get the idea. ;~)  \r\n\r\nYour grateful hosts, Bill & Rebecca Goldsmith "}}, {"pk": 2, "model": "playlist.producer", "fields": {"homepage": "http://somafm.com/", "name": "SomaFM", "description": "14 unique channels of listener-supported, commercial-free, underground/alternative radio broadcasting from San Francisco. "}}, {"pk": 1, "model": "playlist.channel", "fields": {"stream_url": "http://www.radioparadise.com/musiclinks/rp_64.m3u", "tagline": "", "name": "_default_channel", "producer": 1}}, {"pk": 2, "model": "playlist.channel", "fields": {"stream_url": "http://somafm.com/groovesalad.pls", "tagline": "A nicely chilled plate of ambient beats and grooves.", "name": "Groove Salad", "producer": 2}}, {"pk": 1, "model": "playlist.track", "fields": {"raw_name": "", "MBID": "http://musicbrainz.org/track/747fb10d-070a-4468-8bb6-58304bed9ee3", "name": "Goodbye Pork Pie Hat", "artist": "Jeff Beck"}}, {"pk": 2, "model": "playlist.track", "fields": {"raw_name": "", "MBID": "http://musicbrainz.org/track/95b68d06-c6d3-4667-99de-5754570a1546", "name": "None of Us Are Free", "artist": "Solomon Burke"}}, {"pk": 3, "model": "playlist.track", "fields": {"raw_name": "", "MBID": "http://musicbrainz.org/track/188398dd-3f15-4e61-a8af-391f11fb7d55", "name": "Autumn Tactics", "artist": "Chicane"}}, {"pk": 4, "model": "playlist.track", "fields": {"raw_name": "", "MBID": "http://musicbrainz.org/track/8db13927-144d-4ec0-bc37-b6af74d454c9", "name": "No Subtle Men", "artist": "Anna Ternheim"}}, {"pk": 5, "model": "playlist.track", "fields": {"raw_name": "", "MBID": "http://musicbrainz.org/track/53963f4a-b2b0-41ee-8c83-7844a6ec83c7", "name": "Librarian", "artist": "My Morning Jacket"}}, {"pk": 6, "model": "playlist.track", "fields": {"raw_name": "", "MBID": "http://musicbrainz.org/track/9aa0fc1f-aea7-4248-b88a-a9d3c7fae6c9", "name": "Are You Down", "artist": "Lucinda Williams"}}, {"pk": 7, "model": "playlist.track", "fields": {"raw_name": "", "MBID": "http://musicbrainz.org/track/223f9324-3546-446b-96a2-5f663192dd42", "name": "Sleep", "artist": "The Dandy Warhols"}}, {"pk": 8, "model": "playlist.track", "fields": {"raw_name": "", "MBID": "http://musicbrainz.org/track/6de6501e-d429-45bd-b6f0-0f0c38c6d08b", "name": "Balloon Ranger", "artist": "Ane Brun"}}, {"pk": 9, "model": "playlist.track", "fields": {"raw_name": "", "MBID": "http://musicbrainz.org/track/d2be7592-9f41-488b-bd7c-b0eece61c29b", "name": "Change Down", "artist": "Bonobo"}}, {"pk": 10, "model": "playlist.track", "fields": {"raw_name": "", "MBID": "http://musicbrainz.org/track/479b37d6-ca99-4f4f-ad9a-1dbee2f99dd7", "name": "Once Upon a Time in the West", "artist": "Dire Straits"}}, {"pk": 11, "model": "playlist.track", "fields": {"raw_name": "", "MBID": "http://musicbrainz.org/track/a65bd6db-d4e1-4bad-b608-f0e3859abf8b", "name": "Here Comes Your Man", "artist": "Pixies"}}, {"pk": 12, "model": "playlist.track", "fields": {"raw_name": "", "MBID": "http://musicbrainz.org/track/8def2e4f-8d1e-42e5-8360-bce9b7ae66b5", "name": "Out the Window", "artist": "Violent Femmes"}}, {"pk": 13, "model": "playlist.track", "fields": {"raw_name": "", "MBID": "http://musicbrainz.org/track/ef4a14a0-4da7-475f-a909-b71b3033e9e7", "name": "Cracking Up", "artist": "Nick Lowe"}}, {"pk": 14, "model": "playlist.track", "fields": {"raw_name": "", "MBID": "http://musicbrainz.org/track/c1221eef-89e5-433d-9e10-9e2417b13aa3", "name": "Do Me a Favour", "artist": "Arctic Monkeys"}}, {"pk": 15, "model": "playlist.track", "fields": {"raw_name": "", "MBID": "http://musicbrainz.org/track/5b96b1a3-d4f8-40df-8b9f-2f40b23827f6", "name": "Wipeout", "artist": "The Surfaris"}}, {"pk": 16, "model": "playlist.track", "fields": {"raw_name": "", "MBID": "http://musicbrainz.org/track/b801eb79-08d1-41ec-852f-7a3f836aaec0", "name": "Radar", "artist": "Morphine"}}, {"pk": 17, "model": "playlist.track", "fields": {"raw_name": "", "MBID": "http://musicbrainz.org/track/a4af175c-66a3-4507-8a3e-799dae649032", "name": "Radar Gun", "artist": "The Bottle Rockets"}}, {"pk": 18, "model": "playlist.track", "fields": {"raw_name": "", "MBID": "http://musicbrainz.org/track/ce47c8cb-012b-4a25-937f-b80567fa7eed", "name": "Police & Thieves", "artist": "The Clash"}}, {"pk": 19, "model": "playlist.track", "fields": {"raw_name": "", "MBID": "http://musicbrainz.org/track/82002f3e-b0ae-4d69-bbd4-92192d331b79", "name": "Highway Patrolman", "artist": "Bruce Springsteen"}}, {"pk": 20, "model": "playlist.track", "fields": {"raw_name": "", "MBID": "http://musicbrainz.org/track/2d6d71c7-a023-454f-b8ad-c1dabb8d2045", "name": "Brother Down", "artist": "Sam Roberts"}}, {"pk": 21, "model": "playlist.track", "fields": {"raw_name": "", "MBID": "http://musicbrainz.org/track/72af96fb-4ae3-4d96-b68b-d8e91825f837", "name": "7 Chinese Brothers", "artist": "R.E.M."}}, {"pk": 22, "model": "playlist.track", "fields": {"raw_name": "", "MBID": "http://musicbrainz.org/track/1401537c-cab7-440c-87c9-dbabfeeb197b", "name": "Not Fade Away / Goin' Down the Road Feeling Bad", "artist": "Grateful Dead"}}, {"pk": 23, "model": "playlist.track", "fields": {"raw_name": "", "MBID": "http://musicbrainz.org/track/cbbc97a1-cf82-48fe-9ec6-ca30c7563a94", "name": "No Poetry", "artist": "Gary Jules"}}, {"pk": 24, "model": "playlist.track", "fields": {"raw_name": "", "MBID": "http://musicbrainz.org/track/dc3bcf4b-1c73-45cc-8c50-220b1a1f51f4", "name": "Case in Point", "artist": "Andrew Bird's Bowl of Fire"}}, {"pk": 25, "model": "playlist.track", "fields": {"raw_name": "", "MBID": "http://musicbrainz.org/track/3e7e4577-b1fb-456d-822d-41ac661cbfa3", "name": "Include Me Out", "artist": "dEUS"}}, {"pk": 26, "model": "playlist.track", "fields": {"raw_name": "", "MBID": "http://musicbrainz.org/track/769a1bd7-b7eb-4a73-a5ae-ee061dfde714", "name": "Call It a Night", "artist": "KGB"}}, {"pk": 27, "model": "playlist.track", "fields": {"raw_name": "", "MBID": "http://musicbrainz.org/track/a99ecc19-6808-4459-9c56-73b1cb170a3d", "name": "Never Turn Your Back on Mother Earth", "artist": "Neko Case"}}, {"pk": 28, "model": "playlist.track", "fields": {"raw_name": "", "MBID": "http://musicbrainz.org/track/cc80df0c-e43d-49bd-af51-75529ed8789c", "name": "Close Your Eyes", "artist": "Grey Eye Glances"}}, {"pk": 29, "model": "playlist.track", "fields": {"raw_name": "", "MBID": "http://musicbrainz.org/track/14ff2dd7-4807-4806-9b88-63ff59352275", "name": "The Ground Beneath Her Feet", "artist": "U2"}}, {"pk": 30, "model": "playlist.track", "fields": {"raw_name": "", "MBID": "http://musicbrainz.org/track/1610ab6d-5e05-41f8-ad15-8b8bf6ac75a0", "name": "So Nice (Summer Samba) (remixed by Mario Caldato Jr.)", "artist": "Bebel Gilberto"}}, {"pk": 31, "model": "playlist.track", "fields": {"raw_name": "", "MBID": "http://musicbrainz.org/track/6058976e-2120-47bb-92df-2fd2fd1b542f", "name": "Enjoy the Silence", "artist": "Depeche Mode"}}, {"pk": 32, "model": "playlist.track", "fields": {"raw_name": "", "MBID": "http://musicbrainz.org/track/f90f3ce1-4408-4b4a-817d-fad1af2883b7", "name": "Sleep at the Swamp", "artist": "Potlatch"}}, {"pk": 33, "model": "playlist.track", "fields": {"raw_name": "", "MBID": "", "name": "Double Down Quick (Nebulae`s Sunset mix)", "artist": "H.B.A."}}, {"pk": 34, "model": "playlist.track", "fields": {"raw_name": "", "MBID": "http://musicbrainz.org/track/136d17ce-e4db-4971-ab37-935e51b7f3d8", "name": "Reality", "artist": "RJD2"}}, {"pk": 35, "model": "playlist.track", "fields": {"raw_name": "", "MBID": "http://musicbrainz.org/track/ac0b163a-ec0f-4adb-92e4-8c1933bf5151", "name": "Singtree", "artist": "Solar Quest"}}, {"pk": 36, "model": "playlist.track", "fields": {"raw_name": "", "MBID": "http://musicbrainz.org/track/ecad7e35-70d7-4b00-9ed8-a041b14bf7f1", "name": "Between Us and Them", "artist": "Ulrich Schnauss"}}, {"pk": 37, "model": "playlist.track", "fields": {"raw_name": "", "MBID": "http://musicbrainz.org/track/fbc5ba04-1808-41ba-b491-1c5d1ac44213", "name": "Up with People", "artist": "Lambchop"}}, {"pk": 38, "model": "playlist.track", "fields": {"raw_name": "", "MBID": "http://musicbrainz.org/track/1e289e58-db9c-44fd-8360-2a0653800141", "name": "Monday Night", "artist": "Zero 7"}}, {"pk": 39, "model": "playlist.track", "fields": {"raw_name": "", "MBID": "http://musicbrainz.org/track/ec5b8aa9-7483-4791-a185-1f599a0cdc35", "name": "Blue Angel", "artist": "Squirrel Nut Zippers"}}, {"pk": 40, "model": "playlist.track", "fields": {"raw_name": "", "MBID": "http://musicbrainz.org/track/e2ba908f-fc6a-4223-b98f-d03c4a6c5b4d", "name": "Prison Girls", "artist": "Neko Case"}}, {"pk": 41, "model": "playlist.track", "fields": {"raw_name": "", "MBID": "http://musicbrainz.org/track/ca8627a0-3234-463f-bab2-1f0914af0edb", "name": "Light Rain", "artist": "Plaid"}}, {"pk": 42, "model": "playlist.track", "fields": {"raw_name": "", "MBID": "http://musicbrainz.org/track/aa2df401-5f22-4e34-ab6e-756d4af212b7", "name": "Long Way", "artist": "Antje Duvekot"}}, {"pk": 43, "model": "playlist.track", "fields": {"raw_name": "", "MBID": "http://musicbrainz.org/track/900a7dc9-5121-4e57-9aa0-0d6e0d5db5a3", "name": "Golden Age", "artist": "Beck"}}, {"pk": 44, "model": "playlist.track", "fields": {"raw_name": "", "MBID": "http://musicbrainz.org/track/e9759a5a-5efc-4030-8168-f08790ae4ddc", "name": "All I Need", "artist": "Air"}}, {"pk": 1, "model": "playlist.playlist", "fields": {"track": 1, "channel": 1, "time": "2009-03-04 21:57:16"}}, {"pk": 2, "model": "playlist.playlist", "fields": {"track": 2, "channel": 1, "time": "2009-03-04 22:00:38"}}, {"pk": 3, "model": "playlist.playlist", "fields": {"track": 3, "channel": 1, "time": "2009-03-04 22:06:11"}}, {"pk": 4, "model": "playlist.playlist", "fields": {"track": 4, "channel": 1, "time": "2009-03-04 22:11:01"}}, {"pk": 5, "model": "playlist.playlist", "fields": {"track": 5, "channel": 1, "time": "2009-03-04 22:13:57"}}, {"pk": 6, "model": "playlist.playlist", "fields": {"track": 6, "channel": 1, "time": "2009-03-04 22:18:48"}}, {"pk": 7, "model": "playlist.playlist", "fields": {"track": 7, "channel": 1, "time": "2009-03-04 22:23:55"}}, {"pk": 8, "model": "playlist.playlist", "fields": {"track": 8, "channel": 1, "time": "2009-03-04 22:29:59"}}, {"pk": 9, "model": "playlist.playlist", "fields": {"track": 9, "channel": 1, "time": "2009-03-04 22:33:08"}}, {"pk": 10, "model": "playlist.playlist", "fields": {"track": 10, "channel": 1, "time": "2009-03-04 22:37:34"}}, {"pk": 11, "model": "playlist.playlist", "fields": {"track": 11, "channel": 1, "time": "2009-03-04 22:42:50"}}, {"pk": 12, "model": "playlist.playlist", "fields": {"track": 12, "channel": 1, "time": "2009-03-04 22:46:02"}}, {"pk": 13, "model": "playlist.playlist", "fields": {"track": 13, "channel": 1, "time": "2009-03-04 22:48:55"}}, {"pk": 14, "model": "playlist.playlist", "fields": {"track": 14, "channel": 1, "time": "2009-03-04 22:51:42"}}, {"pk": 15, "model": "playlist.playlist", "fields": {"track": 15, "channel": 1, "time": "2009-03-04 22:54:55"}}, {"pk": 16, "model": "playlist.playlist", "fields": {"track": 16, "channel": 1, "time": "2009-03-04 22:58:31"}}, {"pk": 17, "model": "playlist.playlist", "fields": {"track": 17, "channel": 1, "time": "2009-03-04 23:01:44"}}, {"pk": 18, "model": "playlist.playlist", "fields": {"track": 18, "channel": 1, "time": "2009-03-04 23:04:41"}}, {"pk": 19, "model": "playlist.playlist", "fields": {"track": 19, "channel": 1, "time": "2009-03-04 23:10:33"}}, {"pk": 20, "model": "playlist.playlist", "fields": {"track": 20, "channel": 1, "time": "2009-03-04 23:16:09"}}, {"pk": 21, "model": "playlist.playlist", "fields": {"track": 21, "channel": 1, "time": "2009-03-04 23:20:27"}}, {"pk": 22, "model": "playlist.playlist", "fields": {"track": 22, "channel": 1, "time": "2009-03-04 23:24:33"}}, {"pk": 23, "model": "playlist.playlist", "fields": {"track": 23, "channel": 1, "time": "2009-03-04 23:33:54"}}, {"pk": 24, "model": "playlist.playlist", "fields": {"track": 24, "channel": 1, "time": "2009-03-04 23:37:35"}}, {"pk": 25, "model": "playlist.playlist", "fields": {"track": 25, "channel": 1, "time": "2009-03-04 23:42:18"}}, {"pk": 26, "model": "playlist.playlist", "fields": {"track": 26, "channel": 1, "time": "2009-03-04 23:47:12"}}, {"pk": 27, "model": "playlist.playlist", "fields": {"track": 27, "channel": 1, "time": "2009-03-04 23:51:36"}}, {"pk": 28, "model": "playlist.playlist", "fields": {"track": 28, "channel": 1, "time": "2009-03-04 23:53:46"}}, {"pk": 29, "model": "playlist.playlist", "fields": {"track": 29, "channel": 1, "time": "2009-03-04 23:57:26"}}, {"pk": 30, "model": "playlist.playlist", "fields": {"track": 31, "channel": 1, "time": "2009-03-05 00:07:05"}}, {"pk": 31, "model": "playlist.playlist", "fields": {"track": 33, "channel": 1, "time": "2009-03-05 00:15:38"}}, {"pk": 32, "model": "playlist.playlist", "fields": {"track": 34, "channel": 1, "time": "2009-03-05 00:16:02"}}, {"pk": 33, "model": "playlist.playlist", "fields": {"track": 36, "channel": 2, "time": "2009-03-05 00:31:52"}}, {"pk": 34, "model": "playlist.playlist", "fields": {"track": 37, "channel": 2, "time": "2009-03-05 00:32:37"}}, {"pk": 35, "model": "playlist.playlist", "fields": {"track": 38, "channel": 2, "time": "2009-03-05 00:37:14"}}, {"pk": 36, "model": "playlist.playlist", "fields": {"track": 39, "channel": 1, "time": "2009-03-05 00:50:40"}}, {"pk": 37, "model": "playlist.playlist", "fields": {"track": 40, "channel": 1, "time": "2009-03-05 11:52:49"}}, {"pk": 38, "model": "playlist.playlist", "fields": {"track": 41, "channel": 2, "time": "2009-03-05 11:52:50"}}, {"pk": 39, "model": "playlist.playlist", "fields": {"track": 42, "channel": 1, "time": "2009-03-05 12:07:49"}}, {"pk": 40, "model": "playlist.playlist", "fields": {"track": 43, "channel": 1, "time": "2009-03-05 12:56:05"}}, {"pk": 41, "model": "playlist.playlist", "fields": {"track": 44, "channel": 1, "time": "2009-03-05 12:57:02"}}]
